{"T_SC": [0.999715594714409,  0.0203818699036967, 0.0123818037476447, 0.0902914191949288,
        -0.0203233234593923, 0.999781763983161, -0.00483600354471110, -0.00986970719925391,
        -0.0124776683872157, 0.00458298875716775, 0.999911648099806, 0.00585731278869670,
         0.0,0.0,0.0,1.0],
"image_dimension": [640, 480],
"distortion_coefficients": [0.1163357217252265, -0.25504629690170094, 0.0006310863330408271, 0.0015763243604386354],
"distortion_type": "radialtangential",
"focal_length": [606.0509716312624, 609.2072669938981],
"principal_point": [327.88802413335253, 239.04273996525234],
"depth_baseline": 0.1
}
